copper	0	4x4	135.30222	2	0	2	{conveyor=2, duo=2, mechanical-drill=2}
copper	1	4x6	237.15305	2	0	10	{conveyor=10, duo=2, pneumatic-drill=2}
copper	2	6x21	290.96198	4	0	34	{conveyor=34, distributor=1, duo=4, mechanical-drill=4}
copper	3	8x7	515.1986	4	0	2	{conveyor=2, copper-wall-large=5, distributor=1, duo=4, pneumatic-drill=2}
copper	4	14x11	627.47784	9	0	11	{conveyor=11, copper-wall=14, duo=9, mechanical-drill=4, router=8}
copper	5	11x12	701.6859	8	0	21	{conveyor=21, duo=8, pneumatic-drill=4, router=4}
copper	6	19x15	917.6935	9	1	29	{bridge-conveyor=2, conveyor=29, duo=9, mechanical-drill=4, mender=1, router=3, solar-panel=5}
copper	7	10x17	1517.6283	24	0	12	{conveyor=12, copper-wall=22, duo=24, mechanical-drill=4, overflow-gate=5, router=8}
copper	8	17x17	1718.8225	28	0	28	{conveyor=28, duo=28, mechanical-drill=12, router=12}
copper	9	26x20	4726.4263	3	0	55	{pneumatic-drill=4, router=2, salvo=3, titanium-conveyor=55}
copper	10	19x9	6412.807	1	0	36	{pneumatic-drill=7, salvo=1, titanium-conveyor=36, unloader=1, vault=1}
copper	11	16x13	7543.892	2	0	31	{pneumatic-drill=6, router=2, salvo=2, titanium-conveyor=31, vault=1}
copper	12	15x14	8516.661	4	0	20	{laser-drill=3, power-node-large=1, router=3, salvo=4, solar-panel-large=1, surge-tower=1, titanium-conveyor=20}
copper	13	12x27	10919.603	4	0	29	{conveyor=29, pneumatic-drill=8, salvo=4, unloader=2, vault=1}
copper	14	38x37	59627.51	20	5	32	{battery-large=2, blast-drill=1, conveyor=32, mend-projector=5, overdrive-projector=1, plastanium-conveyor=75, power-node-large=1, pulse-conduit=4, salvo=20, shock-mine=28, solar-panel-large=10, surge-tower=2, thorium-wall=4, thorium-wall-large=26, unloader=20, water-extractor=2}
copper	15	44x12	96757.86	84	6	72	{battery=4, blast-drill=1, container=6, distributor=16, duo=36, junction=12, mend-projector=2, mender=4, overdrive-projector=4, power-node=16, router=8, salvo=48, surge-tower=4, titanium-conveyor=72, unloader=24, water-extractor=2}
lead	0	6x6	1426.8699	3	0	0	{pneumatic-drill=3, scatter=3}
lead	1	10x20	1718.9923	4	0	28	{conveyor=28, mechanical-drill=4, router=2, scatter=4}
lead	2	18x21	1726.3094	4	0	38	{conveyor=38, mechanical-drill=4, router=4, scatter=4}
lead	3	7x17	2108.5042	5	0	14	{conveyor=14, distributor=1, mechanical-drill=2, scatter=5}
lead	4	8x11	3359.1243	8	0	10	{conveyor=10, mechanical-drill=3, router=4, scatter=8}
lead	5	13x13	3396.1133	8	0	15	{conveyor=15, mechanical-drill=6, router=3, scatter=8}
lead	6	16x16	5226.039	12	0	32	{conveyor=32, pneumatic-drill=4, scatter=12}
lead	7	27x27	12377.916	12	0	54	{battery=2, battery-large=1, distributor=2, lancer=4, pneumatic-drill=4, power-node=2, router=2, scatter=8, solar-panel=4, solar-panel-large=4, titanium-conveyor=54}
lead	8	14x14	23687.771	0	0	0	{battery=4, blast-drill=1, conduit=4, door=18, door-large=4, ground-factory=6, landing-pad=1, overdrive-projector=1, power-node=2, solar-panel=4, surge-tower=2, unloader=4, water-extractor=8}
lead	9	14x16	24333.121	8	2	2	{battery=2, blast-drill=1, bridge-conveyor=8, conveyor=2, door=12, ground-factory=4, junction=2, lancer=2, landing-pad=1, mender=2, overdrive-projector=1, power-node=2, scatter=6, solar-panel-large=4, sorter=2, surge-tower=1, water-extractor=4}
lead	10	14x16	27251.102	4	0	0	{battery=8, blast-drill=1, conduit=4, door=18, door-large=6, ground-factory=6, lancer=2, landing-pad=1, overdrive-projector=1, power-node=2, scatter=2, surge-tower=2, unloader=4, water-extractor=8}
lead	11	14x16	27485.188	9	2	4	{bridge-conveyor=4, conveyor=4, door=12, ground-factory=4, hail=2, junction=2, landing-pad=1, mechanical-drill=2, mender=2, overdrive-projector=1, power-node=2, ripple=2, router=2, salvo=2, scatter=3, solar-panel-large=4, sorter=2, surge-tower=1, unloader=2, water-extractor=4}
lead	12	14x16	28080.672	12	2	4	{bridge-conveyor=4, conveyor=4, door=12, ground-factory=4, hail=4, inverted-sorter=2, junction=2, landing-pad=1, mechanical-drill=2, mender=2, overdrive-projector=1, power-node=2, router=2, salvo=6, scatter=2, solar-panel-large=4, sorter=2, surge-tower=1, underflow-gate=2, unloader=2, water-extractor=4}
lead	13	14x16	29046.822	10	2	4	{blast-drill=1, bridge-conveyor=4, conveyor=4, door=12, ground-factory=4, hail=4, inverted-sorter=2, junction=2, landing-pad=1, mender=2, overdrive-projector=1, power-node=2, router=2, salvo=6, solar-panel-large=4, sorter=2, surge-tower=1, underflow-gate=2, unloader=2, water-extractor=4}
lead	14	14x17	29566.459	5	0	0	{battery=4, blast-drill=1, conduit=4, door=26, door-large=4, ground-factory=6, lancer=2, landing-pad=1, overdrive-projector=1, power-node=2, router=2, scatter=3, solar-panel-large=4, surge-tower=1, unloader=4, water-extractor=7}
sand	0	14x21	11593.135	0	0	20	{air-factory=2, battery=4, bridge-conveyor=2, coal-centrifuge=2, oil-extractor=1, pneumatic-drill=6, power-node=1, silicon-smelter=2, surge-tower=1, titanium-conveyor=20, water-extractor=2}
sand	1	12x11	12131.603	3	0	11	{coal-centrifuge=1, cultivator=1, pneumatic-drill=4, power-node=1, ripple=3, silicon-smelter=1, solar-panel-large=2, sorter=1, spore-press=1, surge-tower=1, titanium-conveyor=11, water-extractor=2}
sand	2	26x18	12738.692	3	0	44	{coal-centrifuge=1, graphite-press=1, hail=3, liquid-tank=1, oil-extractor=1, pneumatic-drill=6, power-node-large=2, pulse-conduit=18, solar-panel-large=2, surge-tower=1, titanium-conveyor=44, water-extractor=3}
sand	3	17x14	12801.603	0	0	9	{coal-centrifuge=1, cultivator=2, ground-factory=1, laser-drill=1, payload-conveyor=3, power-node=2, silicon-smelter=1, solar-panel=8, solar-panel-large=8, spore-press=1, titanium-conveyor=9, water-extractor=4}
sand	4	14x9	13643.841	0	0	2	{air-factory=1, coal-centrifuge=1, laser-drill=1, oil-extractor=1, payload-conveyor=2, power-node=1, silicon-smelter=1, solar-panel=17, solar-panel-large=3, titanium-conveyor=2, water-extractor=3}
sand	5	14x19	14748.925	2	0	25	{coal-centrifuge=1, oil-extractor=1, pneumatic-drill=3, power-node=1, ripple=2, router=2, silicon-smelter=1, solar-panel-large=2, surge-tower=1, titanium-conveyor=25, water-extractor=1}
sand	6	16x14	23288.2	3	0	16	{coal-centrifuge=2, conduit=9, multi-press=1, oil-extractor=1, pneumatic-drill=1, power-node=1, ripple=3, router=2, solar-panel-large=2, surge-tower=1, titanium-conveyor=16, water-extractor=6}
sand	7	12x18	25569.07	0	0	13	{additive-reconstructor=1, bridge-conduit=2, bridge-conveyor=5, coal-centrifuge=3, conduit=3, conveyor=2, ground-factory=1, laser-drill=1, multi-press=1, oil-extractor=1, overdrive-projector=1, overflow-gate=2, power-node-large=1, router=1, silicon-smelter=2, solar-panel-large=8, surge-tower=1, titanium-conveyor=11, water-extractor=3}
sand	8	18x15	31694.752	0	0	21	{air-factory=4, blast-drill=1, bridge-conduit=2, bridge-conveyor=3, coal-centrifuge=3, conduit=7, distributor=1, liquid-router=2, oil-extractor=2, overdrive-projector=1, overflow-gate=1, power-node-large=1, router=4, silicon-smelter=3, solar-panel-large=8, surge-tower=1, titanium-conveyor=21, water-extractor=4}
coal	0	3x5	373.42682	0	0	0	{combustion-generator=2, mechanical-drill=1, surge-tower=1}
coal	1	10x6	639.17267	0	0	6	{combustion-generator=3, conveyor=6, pneumatic-drill=3, power-node=1, surge-tower=1}
coal	2	12x6	687.3976	0	0	14	{battery=4, combustion-generator=2, conveyor=14, mechanical-drill=8, power-node=2, surge-tower=1}
coal	3	10x8	806.4762	3	1	17	{conveyor=17, mender=1, pneumatic-drill=2, scorch=3, solar-panel=3}
coal	4	6x6	1034.876	2	0	2	{arc=2, battery=2, combustion-generator=2, conveyor=2, mechanical-drill=3, power-node-large=1, solar-panel=2}
coal	5	4x5	1048.6525	4	0	0	{graphite-press=1, hail=4, pneumatic-drill=2}
coal	6	8x16	1057.4858	4	0	14	{conveyor=14, graphite-press=1, hail=4, pneumatic-drill=2, router=2}
coal	7	8x8	1219.7573	4	0	0	{copper-wall-large=5, distributor=1, graphite-press=1, hail=4, pneumatic-drill=2}
coal	8	8x6	1278.5211	5	0	2	{graphite-press=1, hail=5, junction=1, pneumatic-drill=3, router=2, titanium-conveyor=2}
coal	9	9x9	1289.7817	4	0	15	{combustion-generator=3, conveyor=15, overflow-gate=3, pneumatic-drill=4, power-node=1, scorch=4, surge-tower=1}
coal	10	11x11	1299.6204	6	0	15	{conveyor=15, copper-wall=14, pneumatic-drill=6, router=3, scorch=6}
coal	11	4x8	1418.3281	2	2	0	{battery=2, graphite-press=1, hail=2, mechanical-drill=1, mender=2, power-node-large=1, solar-panel=10}
coal	12	13x8	1715.8223	4	0	19	{graphite-press=2, hail=4, pneumatic-drill=7, router=2, titanium-conveyor=19}
coal	13	15x9	1847.3959	3	2	17	{combustion-generator=2, conveyor=17, mender=2, micro-processor=1, overflow-gate=4, pneumatic-drill=2, power-node=2, scorch=3}
coal	14	15x15	2393.1467	4	0	13	{bridge-conveyor=2, conveyor=13, copper-wall=4, copper-wall-large=4, graphite-press=4, hail=4, junction=4, pneumatic-drill=6, router=3, sorter=2}
coal	15	10x10	3062.7852	1	0	15	{graphite-press=1, pneumatic-drill=3, ripple=1, titanium-conveyor=15}
coal	16	14x10	3097.4634	2	0	21	{arc=2, battery=1, conveyor=21, pneumatic-drill=3, power-node-large=1, solar-panel=4, steam-generator=1, water-extractor=2}
coal	17	8x8	4025.562	0	0	0	{distributor=1, mechanical-drill=2, steam-generator=4, surge-tower=1, water-extractor=2}
coal	18	20x17	5651.667	2	0	33	{graphite-press=1, pneumatic-drill=3, ripple=2, titanium-conveyor=33}
coal	19	9x8	5827.04	0	0	0	{combustion-generator=2, laser-drill=1, power-node-large=2, solar-panel=8, steam-generator=4, surge-tower=1, water-extractor=3}
coal	20	6x6	6168.2593	4	0	0	{graphite-press=1, pneumatic-drill=2, salvo=4}
coal	21	16x8	6399.1694	0	0	16	{bridge-conduit=8, liquid-router=1, overflow-gate=4, pneumatic-drill=2, power-node=3, pulse-conduit=16, solar-panel=6, steam-generator=4, surge-tower=1, titanium-conveyor=16, water-extractor=4}
coal	22	16x24	6522.0737	4	0	37	{graphite-press=2, hail=2, pneumatic-drill=7, ripple=2, titanium-conveyor=37}
coal	23	16x14	7756.0674	8	6	4	{arc=8, battery=5, combustion-generator=1, laser-drill=1, mender=6, pneumatic-drill=1, power-node=2, power-node-large=1, solar-panel-large=1, steam-generator=2, titanium-conveyor=4, titanium-wall=2, water-extractor=2}
coal	24	11x12	8297.39	3	0	11	{battery-large=1, conduit=7, conveyor=11, distributor=1, lancer=3, liquid-router=2, liquid-tank=1, pneumatic-drill=4, power-node=2, solar-panel-large=1, steam-generator=2, water-extractor=2}
coal	25	9x13	8605.449	0	0	9	{battery=3, combustion-generator=1, laser-drill=2, pneumatic-drill=1, power-node=1, router=4, solar-panel=4, steam-generator=7, titanium-conveyor=9, water-extractor=4}
coal	26	9x16	10987.289	2	1	17	{combustion-generator=1, conduit=10, conveyor=17, mender=1, multi-press=1, pneumatic-drill=4, power-node=1, ripple=2, router=1, solar-panel=6, solar-panel-large=2, water-extractor=2}
coal	27	9x16	11051.409	2	1	17	{battery=1, combustion-generator=1, conduit=9, conveyor=17, liquid-router=1, mender=1, multi-press=1, pneumatic-drill=4, power-node=1, ripple=2, router=1, solar-panel=6, solar-panel-large=2, water-extractor=2}
coal	28	14x12	11160.578	0	0	2	{blast-drill=1, combustion-generator=6, conveyor=2, pneumatic-drill=4, router=1, steam-generator=6, water-extractor=7}
coal	29	12x12	11285.549	0	0	0	{battery=5, combustion-generator=1, pneumatic-drill=4, steam-generator=8, surge-tower=1, water-extractor=8}
coal	30	22x12	18506.014	12	0	14	{conveyor=14, graphite-press=4, mechanical-drill=5, salvo=12, sorter=2}
coal	31	13x16	23774.15	0	0	6	{battery=9, blast-drill=1, overdrive-projector=1, solar-panel-large=3, steam-generator=12, surge-tower=2, titanium-conveyor=6, underflow-gate=4, water-extractor=13}
coal	32	14x16	26020.283	6	2	0	{blast-drill=1, lancer=4, mend-projector=2, parallax=2, solar-panel=6, solar-panel-large=2, steam-generator=8, thorium-wall=56, water-extractor=6}
coal	33	41x20	64434.11	18	2	47	{additive-reconstructor=1, battery=4, battery-large=2, blast-drill=1, conduit=25, distributor=2, door=3, ground-factory=1, hail=5, junction=1, landing-pad=1, mend-projector=2, multi-press=1, parallax=2, power-node-large=2, ripple=4, router=6, salvo=7, solar-panel=11, solar-panel-large=16, steam-generator=1, surge-tower=2, titanium-conveyor=47, water-extractor=13}
coal	34	33x30	134991.53	14	4	82	{armored-conveyor=39, battery=12, blast-drill=1, bridge-conveyor=2, conveyor=18, hail=2, junction=1, liquid-router=1, liquid-tank=1, mend-projector=4, multi-press=1, overdrive-projector=1, power-node-large=1, pulse-conduit=26, ripple=2, router=4, scorch=6, segment=1, solar-panel=6, solar-panel-large=6, spectre=3, steam-generator=3, titanium-conveyor=25, unloader=8, vault=3, water-extractor=6}
coal	35	24x16	184583.36	10	3	4	{battery=2, battery-large=2, blast-drill=1, bridge-conveyor=4, conduit=18, distributor=1, liquid-tank=2, meltdown=4, mend-projector=3, overdrive-projector=1, plated-conduit=16, power-node=4, segment=4, steam-generator=8, surge-tower=2, titanium-conveyor=4, water-extractor=18, wave=2}
coal	36	36x28	205690.3	11	0	61	{armored-conveyor=2, distributor=8, force-projector=5, inverted-sorter=1, laser-drill=2, multi-press=6, overdrive-projector=4, power-node=6, ripple=7, router=6, solar-panel-large=29, spectre=4, surge-tower=1, titanium-conveyor=59, unloader=2, vault=2, water-extractor=6}
coal	37	39x41	215058.98	6	0	70	{air-factory=2, armored-conveyor=70, battery-large=3, blast-drill=1, bridge-conveyor=2, door=6, foreshadow=3, landing-pad=2, liquid-router=1, overdrive-projector=1, phase-conveyor=2, plated-conduit=6, power-node-large=5, pulse-conduit=9, router=5, salvo=3, solar-panel-large=4, steam-generator=6, surge-tower=3, unloader=5, vault=1, water-extractor=17}
coal	38	42x49	217764.78	6	0	70	{air-factory=2, armored-conveyor=70, battery-large=3, blast-drill=1, bridge-conveyor=2, foreshadow=3, landing-pad=2, liquid-router=1, overdrive-projector=1, phase-conveyor=2, plated-conduit=6, power-node-large=5, pulse-conduit=9, router=5, salvo=3, shock-mine=28, solar-panel-large=4, steam-generator=6, surge-tower=3, unloader=5, vault=1, water-extractor=17}
coal	39	29x37	380398.94	7	5	69	{additive-reconstructor=1, air-factory=1, armored-conveyor=68, battery-large=2, blast-drill=1, bridge-conveyor=2, cryofluid-mixer=3, cyclone=3, door=6, door-large=2, exponential-reconstructor=1, graphite-press=1, landing-pad=4, liquid-container=1, liquid-tank=2, meltdown=1, mend-projector=5, multiplicative-reconstructor=1, overdrive-projector=3, parallax=1, payload-conveyor=2, plated-conduit=11, power-node=3, power-node-large=3, pulse-conduit=50, router=8, scatter=2, solar-panel-large=13, steam-generator=8, surge-tower=3, titanium-conveyor=1, unloader=2, water-extractor=38}
coal	40	29x37	382796.0	8	4	70	{additive-reconstructor=1, armored-conveyor=68, battery-large=2, blast-drill=1, bridge-conveyor=2, cryofluid-mixer=3, cyclone=3, door=6, door-large=2, exponential-reconstructor=1, graphite-press=1, ground-factory=1, landing-pad=4, liquid-container=1, liquid-tank=2, meltdown=1, mend-projector=4, multiplicative-reconstructor=1, overdrive-projector=3, parallax=2, payload-conveyor=2, plated-conduit=12, power-node=3, power-node-large=3, pulse-conduit=50, router=7, scatter=2, solar-panel-large=15, steam-generator=7, surge-tower=3, titanium-conveyor=2, unloader=2, water-extractor=37}
titanium	0	15x9	5316.399	1	0	17	{fuse=1, pneumatic-drill=2, titanium-conveyor=17}
titanium	1	6x16	5387.142	1	0	20	{fuse=1, pneumatic-drill=3, titanium-conveyor=20}
titanium	2	10x11	6808.5874	3	0	8	{arc=2, battery=2, fuse=1, pneumatic-drill=2, power-node=1, solar-panel-large=1, titanium-conveyor=8}
titanium	3	12x16	10357.738	2	0	19	{battery=2, fuse=1, parallax=1, pneumatic-drill=5, power-node-large=1, solar-panel=4, solar-panel-large=2, surge-tower=1, titanium-conveyor=19}
titanium	4	10x12	10586.311	2	0	18	{fuse=2, pneumatic-drill=4, router=1, titanium-conveyor=18}
titanium	5	25x17	15903.086	3	0	55	{fuse=3, pneumatic-drill=5, router=2, titanium-conveyor=55}
titanium	6	8x15	16931.15	0	0	2	{battery=4, bridge-conduit=4, conveyor=2, cryofluid-mixer=1, differential-generator=2, landing-pad=1, pneumatic-drill=1, power-node-large=1, solar-panel=6, solar-panel-large=2, surge-tower=1, water-extractor=7}
titanium	7	26x16	17811.025	3	0	41	{fuse=3, laser-drill=2, power-node-large=1, router=1, solar-panel=3, solar-panel-large=1, surge-tower=1, titanium-conveyor=41}
titanium	8	25x16	19455.137	4	3	25	{battery=9, bridge-conveyor=4, fuse=2, mender=3, parallax=2, pneumatic-drill=4, solar-panel-large=3, titanium-conveyor=25}
titanium	9	31x12	36773.63	2	0	8	{blast-drill=1, cryofluid-mixer=2, power-node=3, pulse-conduit=18, solar-panel-large=9, titanium-conveyor=8, tsunami=2, water-extractor=4}
titanium	10	15x13	50068.87	0	0	1	{battery=4, battery-large=3, bridge-conduit=2, bridge-conveyor=3, conveyor=1, cryofluid-mixer=2, diode=1, impact-reactor=1, landing-pad=1, micro-processor=1, plastanium-wall=50, pneumatic-drill=2, power-node=1, solar-panel=6, solar-panel-large=1, surge-tower=1, unloader=1, water-extractor=6}
titanium	11	15x16	52773.78	0	0	1	{battery=9, battery-large=4, bridge-conduit=2, bridge-conveyor=3, conveyor=1, cryofluid-mixer=2, diode=2, impact-reactor=1, landing-pad=1, micro-processor=1, plastanium-wall=56, pneumatic-drill=2, power-node=1, solar-panel=5, solar-panel-large=3, surge-tower=2, unloader=1, water-extractor=6}
titanium	12	15x16	52810.242	0	0	1	{battery=8, battery-large=3, bridge-conduit=2, bridge-conveyor=3, conveyor=1, cryofluid-mixer=2, diode=3, impact-reactor=1, landing-pad=1, micro-processor=1, plastanium-wall=55, plastanium-wall-large=2, pneumatic-drill=2, power-node=1, solar-panel=3, solar-panel-large=3, surge-tower=3, unloader=1, water-extractor=6}
titanium	13	17x18	117540.875	3	0	2	{battery-large=3, conduit=29, cryofluid-mixer=2, laser-drill=1, liquid-container=2, liquid-junction=1, liquid-tank=1, meltdown=3, power-node-large=1, surge-tower=6, titanium-conveyor=2, water-extractor=5}
thorium	0	12x9	2340.525	1	0	11	{laser-drill=1, salvo=1, solar-panel=3, surge-tower=1, titanium-conveyor=11}
thorium	1	11x14	3747.2314	2	0	13	{laser-drill=1, router=1, salvo=2, solar-panel=2, surge-tower=1, titanium-conveyor=13}
thorium	2	5x6	4692.959	0	0	0	{laser-drill=1, rtg-generator=1, solar-panel-large=1, surge-tower=1}
thorium	3	6x9	6134.4893	1	0	1	{laser-drill=1, router=1, rtg-generator=1, salvo=1, solar-panel-large=1, surge-tower=1, titanium-conveyor=1}
thorium	4	5x5	7085.125	0	0	0	{laser-drill=1, rtg-generator=2, solar-panel=1, surge-tower=1}
thorium	5	14x11	8758.197	1	0	23	{laser-drill=1, overflow-gate=1, power-node=1, rtg-generator=2, salvo=1, solar-panel=5, surge-tower=1, titanium-conveyor=23}
thorium	6	7x7	13841.227	0	0	0	{battery=6, laser-drill=1, rtg-generator=4, surge-tower=2}
thorium	7	12x12	13841.997	3	0	6	{battery=2, lancer=3, laser-drill=1, power-node=1, power-node-large=1, router=3, rtg-generator=3, solar-panel=3, titanium-conveyor=6}
thorium	8	15x15	16124.639	5	0	13	{arc=2, battery=2, laser-drill=1, parallax=3, power-node-large=1, router=2, rtg-generator=2, solar-panel=4, titanium-conveyor=13}
thorium	9	7x8	23767.889	0	0	0	{laser-drill=1, rtg-generator=7, solar-panel=7, surge-tower=1, water-extractor=1}
thorium	10	16x16	27269.873	4	0	16	{arc=1, battery-large=1, lancer=1, laser-drill=1, power-node-large=2, router=4, rtg-generator=6, segment=2, solar-panel=3, surge-tower=1, titanium-conveyor=16}
thorium	11	11x16	32182.682	2	0	19	{laser-drill=1, router=1, salvo=1, solar-panel-large=1, spectre=1, titanium-conveyor=19}
thorium	12	16x18	35845.656	2	0	8	{laser-drill=1, power-node-large=1, segment=1, solar-panel-large=4, spectre=1, titanium-conveyor=8}
thorium	13	11x13	39282.0	2	1	10	{battery=3, laser-drill=2, mend-projector=1, parallax=1, power-node=1, router=1, rtg-generator=1, solar-panel-large=2, spectre=1, titanium-conveyor=10}
thorium	14	19x17	49495.715	7	4	32	{battery-large=1, bridge-conduit=9, bridge-conveyor=2, laser-drill=1, liquid-router=4, liquid-tank=1, mend-projector=4, overdrive-projector=2, power-node=4, pulse-conduit=26, router=7, rtg-generator=6, salvo=7, surge-tower=1, titanium-conveyor=32, unloader=2, vault=1, water-extractor=6}
thorium	15	19x15	90071.64	0	0	17	{blast-drill=1, overdrive-projector=1, rtg-generator=23, solar-panel=3, solar-panel-large=5, surge-tower=2, titanium-conveyor=17, underflow-gate=11, vault=2, water-extractor=1}
thorium	16	19x18	93560.23	3	1	20	{battery=6, container=1, laser-drill=1, mend-projector=1, power-node=2, solar-panel-large=3, spectre=3, titanium-conveyor=20, unloader=2}
thorium	17	13x15	108202.33	9	4	5	{armored-conveyor=4, battery=11, blast-drill=1, container=1, mend-projector=4, overflow-gate=1, parallax=3, power-node=1, router=3, rtg-generator=6, segment=4, solar-panel=10, solar-panel-large=2, sorter=1, spectre=2, surge-tower=1, titanium-conveyor=1, unloader=1, water-extractor=2}
thorium	18	39x21	126327.41	7	4	28	{air-factory=5, armored-conveyor=27, battery=6, blast-drill=1, bridge-conveyor=2, container=1, inverted-sorter=1, landing-pad=1, liquid-container=1, mend-projector=4, overdrive-projector=2, overflow-gate=1, payload-conveyor=8, plated-conduit=1, power-node=1, power-node-large=2, pulse-conduit=13, ripple=2, router=5, rtg-generator=8, salvo=3, shock-mine=9, solar-panel-large=3, spectre=2, surge-tower=1, titanium-conveyor=1, unloader=4, water-extractor=12}
thorium	19	19x16	132065.2	4	12	0	{blast-drill=1, mend-projector=4, mender=8, phase-wall-large=8, power-node=4, spectre=4, titanium-wall=32, water-extractor=8}
thorium	20	18x18	148875.27	3	4	19	{armored-conveyor=18, battery=3, blast-drill=1, conveyor=1, cryofluid-mixer=2, landing-pad=1, liquid-router=2, logic-processor=1, mend-projector=2, mender=2, overdrive-projector=1, plated-conduit=8, power-node=3, pulse-conduit=10, router=2, rtg-generator=6, salvo=1, solar-panel-large=3, spectre=2, surge-tower=1, thorium-reactor=4, unloader=2, water-extractor=10}
thorium	21	24x14	191894.05	4	3	14	{armored-conveyor=14, battery-large=1, blast-drill=1, bridge-conveyor=2, liquid-tank=1, meltdown=2, mend-projector=3, overdrive-projector=1, plated-conduit=12, power-node=4, power-node-large=1, pulse-conduit=4, router=8, rtg-generator=13, solar-panel-large=3, spectre=2, unloader=3, vault=1, water-extractor=6}
thorium	22	26x26	257308.52	8	0	54	{blast-drill=1, bridge-conduit=4, container=2, distributor=10, overdrive-projector=4, power-node=3, power-node-large=2, spectre=8, surge-tower=1, titanium-conveyor=54, unloader=2, water-extractor=13}
thorium	23	23x55	310298.84	15	7	53	{armored-conveyor=53, battery=2, battery-large=3, blast-drill=1, bridge-conduit=2, bridge-conveyor=2, cryofluid-mixer=4, distributor=1, fuse=2, landing-pad=1, liquid-router=7, logic-processor=1, mass-driver=2, mend-projector=7, overdrive-projector=4, parallax=2, plastanium-wall=17, plated-conduit=59, power-node=1, power-node-large=4, pulse-conduit=9, router=9, rtg-generator=5, segment=7, solar-panel-large=4, spectre=4, surge-tower=2, thorium-reactor=8, thorium-wall-large=15, unloader=1, water-extractor=15}
thorium	24	51x37	341104.56	21	5	100	{additive-reconstructor=3, air-factory=3, armored-conveyor=100, battery-large=3, blast-drill=1, container=1, distributor=3, fuse=4, landing-pad=2, mend-projector=5, overdrive-projector=3, parallax=4, payload-conveyor=9, power-node=11, power-node-large=4, pulse-conduit=49, router=16, rtg-generator=24, salvo=3, segment=5, shock-mine=9, solar-panel-large=2, spectre=5, surge-tower=1, unloader=9, vault=1, water-extractor=37}
scrap	0	10x7	2097.999	5	0	10	{conveyor=10, mechanical-drill=2, scatter=5}
scrap	1	12x9	2365.1853	5	0	15	{pneumatic-drill=4, router=2, scatter=5, titanium-conveyor=15}
scrap	2	13x18	3991.0398	3	0	22	{incinerator=1, inverted-sorter=1, melter=1, plated-conduit=1, pneumatic-drill=2, power-node-large=1, router=2, scatter=3, separator=1, solar-panel-large=2, surge-tower=1, titanium-conveyor=22}
scrap	3	11x10	5906.967	11	0	0	{distributor=2, pneumatic-drill=1, router=8, scatter=11, solar-panel=14, water-extractor=1}
scrap	4	24x20	10026.985	2	1	38	{cyclone=2, incinerator=1, inverted-sorter=1, junction=2, kiln=1, melter=1, mend-projector=1, overflow-gate=2, pneumatic-drill=6, power-node=1, pulverizer=1, separator=2, surge-tower=1, titanium-conveyor=38}
scrap	5	8x15	13779.426	0	0	17	{additive-reconstructor=1, air-factory=1, battery=3, bridge-conveyor=2, coal-centrifuge=1, incinerator=1, inverted-sorter=3, laser-drill=1, melter=1, oil-extractor=1, overflow-gate=3, power-node=1, pulverizer=2, separator=2, silicon-smelter=1, surge-tower=1, titanium-conveyor=17, underflow-gate=1, water-extractor=2}
scrap	6	12x16	13805.308	1	0	22	{conduit=3, melter=2, pneumatic-drill=5, power-node-large=1, router=1, solar-panel-large=1, surge-tower=1, titanium-conveyor=22, tsunami=1}
scrap	7	17x15	14436.391	0	0	43	{battery=4, bridge-conveyor=2, coal-centrifuge=1, ground-factory=1, incinerator=1, inverted-sorter=1, melter=1, oil-extractor=1, overflow-gate=1, pneumatic-drill=4, power-node-large=2, pulse-conduit=1, pulverizer=1, separator=1, silicon-smelter=1, solar-panel-large=4, titanium-conveyor=43, water-extractor=2}
scrap	8	14x16	16732.777	0	0	17	{additive-reconstructor=1, air-factory=1, coal-centrifuge=1, conveyor=17, incinerator=2, inverted-sorter=3, junction=2, laser-drill=1, melter=1, oil-extractor=1, payload-conveyor=1, payload-router=1, power-node=2, power-node-large=1, pulverizer=2, separator=1, silicon-smelter=1, solar-panel-large=4, sorter=1, surge-tower=1, water-extractor=2}
scrap	9	18x23	17118.646	0	0	10	{air-factory=1, battery=18, blast-drill=1, coal-centrifuge=1, cultivator=1, incinerator=1, inverted-sorter=1, melter=1, power-node=2, pulse-conduit=2, pulverizer=2, separator=1, silicon-smelter=1, solar-panel=12, solar-panel-large=13, sorter=1, spore-press=1, titanium-conveyor=10, water-extractor=1}
scrap	10	24x17	19050.295	0	0	42	{additive-reconstructor=1, bridge-conveyor=6, coal-centrifuge=2, container=1, cultivator=4, ground-factory=1, incinerator=1, junction=1, laser-drill=1, melter=1, micro-processor=1, payload-conveyor=2, power-node=2, power-node-large=1, pulverizer=3, router=1, separator=1, silicon-smelter=2, solar-panel=4, solar-panel-large=7, spore-press=2, titanium-conveyor=42, unloader=4, water-extractor=4}
scrap	11	15x16	21839.824	0	0	1	{coal-centrifuge=1, container=1, ground-factory=1, incinerator=1, junction=1, laser-drill=1, melter=1, micro-processor=1, oil-extractor=1, power-node=2, pulverizer=2, separator=1, silicon-smelter=1, solar-panel=9, solar-panel-large=9, titanium-conveyor=1, unloader=4, water-extractor=3}
scrap	12	21x18	24776.637	0	0	77	{additive-reconstructor=1, blast-drill=1, coal-centrifuge=1, cultivator=1, ground-factory=1, incinerator=2, inverted-sorter=2, junction=7, melter=2, micro-processor=1, oil-extractor=1, overflow-gate=1, power-node=1, power-node-large=1, pulverizer=2, separator=1, silicon-smelter=1, solar-panel-large=9, sorter=1, spore-press=1, titanium-conveyor=77, water-extractor=3}
scrap	13	21x21	26658.426	10	0	43	{blast-drill=1, fuse=2, inverted-sorter=2, junction=1, melter=2, overflow-gate=6, power-node=2, pulse-conduit=8, ripple=2, salvo=2, scatter=4, separator=1, solar-panel=10, solar-panel-large=4, sorter=2, titanium-conveyor=43}
scrap	14	22x26	62658.207	13	0	101	{blast-drill=1, bridge-conveyor=6, cyclone=2, disassembler=1, duo=5, fuse=2, hail=3, junction=4, kiln=2, melter=2, power-node-large=2, router=8, separator=1, solar-panel-large=2, spectre=1, surge-tower=1, titanium-conveyor=101, unloader=6, vault=1}
scrap	15	24x15	71149.055	0	0	50	{additive-reconstructor=1, armored-conveyor=15, battery=3, blast-drill=2, coal-centrifuge=1, conduit=4, cultivator=2, disassembler=1, ground-factory=1, incinerator=1, inverted-sorter=2, junction=4, kiln=2, melter=4, multiplicative-reconstructor=1, overflow-gate=4, power-node=4, power-node-large=1, pulverizer=3, pyratite-mixer=1, router=3, separator=4, silicon-crucible=1, spore-press=1, surge-tower=4, titanium-conveyor=35, unloader=7, vault=1, water-extractor=8}
scrap	16	19x25	71317.79	1	0	22	{battery=11, bridge-conduit=3, bridge-conveyor=4, coal-centrifuge=1, foreshadow=1, inverted-sorter=1, laser-drill=2, melter=1, oil-extractor=1, overflow-gate=1, power-node=2, pulse-conduit=1, pulverizer=1, separator=2, silicon-smelter=1, solar-panel=4, solar-panel-large=2, sorter=2, surge-smelter=1, surge-tower=1, titanium-conveyor=22, water-extractor=1}
scrap	17	27x16	95434.38	22	4	30	{additive-reconstructor=1, air-factory=1, armored-conveyor=4, battery=9, blast-drill=1, bridge-conduit=8, bridge-conveyor=10, conduit=2, door=5, duo=3, incinerator=1, junction=1, kiln=1, lancer=3, landing-pad=1, liquid-container=1, melter=2, mend-projector=1, mender=3, multiplicative-reconstructor=1, overdrive-projector=1, overflow-gate=1, power-node=5, pulverizer=1, ripple=2, router=11, salvo=12, scatter=2, separator=5, sorter=2, surge-tower=2, titanium-conveyor=26, unloader=5, vault=1, water-extractor=12}
scrap	18	27x17	96290.97	22	4	30	{additive-reconstructor=1, armored-conveyor=4, battery=6, blast-drill=1, bridge-conduit=8, bridge-conveyor=8, conduit=2, door=2, door-large=4, duo=3, ground-factory=1, incinerator=1, junction=6, kiln=1, lancer=3, landing-pad=1, liquid-container=1, melter=2, mend-projector=1, mender=3, multiplicative-reconstructor=1, overdrive-projector=1, overflow-gate=1, power-node=5, pulverizer=1, ripple=2, router=12, salvo=12, scatter=2, separator=5, sorter=1, surge-tower=2, titanium-conveyor=26, unloader=5, vault=1, water-extractor=12}
scrap	19	27x17	96290.97	22	4	30	{additive-reconstructor=1, armored-conveyor=4, battery=6, blast-drill=1, bridge-conduit=8, bridge-conveyor=8, conduit=2, door=2, door-large=4, duo=3, ground-factory=1, incinerator=1, junction=6, kiln=1, lancer=3, landing-pad=1, liquid-container=1, melter=2, mend-projector=1, mender=3, multiplicative-reconstructor=1, overdrive-projector=1, overflow-gate=1, power-node=5, pulverizer=1, ripple=2, router=12, salvo=12, scatter=2, separator=5, sorter=1, surge-tower=2, titanium-conveyor=26, unloader=5, vault=1, water-extractor=12}
scrap	20	29x33	102262.18	0	0	58	{additive-reconstructor=1, air-factory=1, armored-conveyor=4, blast-drill=4, coal-centrifuge=1, cultivator=2, disassembler=3, distributor=1, incinerator=1, inverted-sorter=1, junction=6, kiln=1, liquid-junction=5, liquid-router=10, liquid-tank=2, melter=6, multiplicative-reconstructor=1, overdrive-projector=3, overflow-gate=2, plastanium-conveyor=9, plated-conduit=2, power-node=2, power-node-large=3, pulse-conduit=17, router=4, separator=2, silicon-smelter=2, solar-panel-large=8, spore-press=2, surge-tower=1, titanium-conveyor=54, unloader=10, vault=3, water-extractor=9}
